"id","title","createdAt","updatedAt"
"351f1526-17d5-4bbe-ac9e-3bb7ab6284cd","Channel: Birder King",1735214855768,1735214855768
"7fd43d0b-dd58-4253-80e2-8671dc0c5f7e","Channel: Birds and Squirrels Wonderland",1735214858195,1735214858195
"ef0b4aca-f1d3-4555-b0b4-2a52368afba3","Channel: Birds For Cats TV",1735214867512,1735214867512
"d9633611-765a-4c7f-8664-0a8ab5d9d54f","Channel: CatFlix",1735214864522,1735214864522
"9738b452-730d-4503-a6c7-1e78adc09f12","Channel: Four Paws TV",1735214852028,1735214852028
"0cb9636c-dedb-4ae1-bd39-3f213a66a8af","Channel: Patsy's Garden",1735214862289,1735214862289
"f1208bf3-494d-467c-991e-149490e16652","Channel: Paul Birder",1735214860451,1735214860451
"c48a1c5f-7c19-472e-af1a-a2ec2c476640","Channel: Paul Dinning",1735214853892,1735214853892
"b5c581ba-51c1-4435-a1cb-4ab64351bdef","Channel: Red Squirrel Studios",1735214865833,1735214865833
